job_description,category
DevOps AWS Jenkins Docker Git Linux deployment automation version control Git technical documentation,DevOps Engineer
information security network security penetration testing risk assessment team collaboration problem solving technical documentation,Cybersecurity Engineer
machine learning engineer Python scikit-learn machine learning model deployment team collaboration problem solving software development lifecycle,Machine Learning Engineer
information security network security penetration testing risk assessment debugging and testing software development lifecycle,Cybersecurity Engineer
business analyst SQL Power BI Excel dashboards data analysis technical documentation version control Git,Data Analyst
web development JavaScript HTML CSS responsive design React team collaboration problem solving version control Git,Web Developer
frontend developer HTML CSS JavaScript Bootstrap React version control Git team collaboration problem solving,Web Developer
software engineer java python spring boot sql REST API Git software development lifecycle team collaboration problem solving,Software Developer
DevOps AWS Jenkins Docker Git Linux deployment automation software development lifecycle version control Git,DevOps Engineer
web development JavaScript HTML CSS responsive design React technical documentation software development lifecycle,Web Developer
security engineer Python Linux threat detection cybersecurity version control Git debugging and testing,Cybersecurity Engineer
full stack web developer JavaScript React Node.js HTML CSS technical documentation debugging and testing,Web Developer
analyst role SQL Python Pandas data visualization business insights technical documentation version control Git,Data Analyst
analyst role SQL Python Pandas data visualization business insights team collaboration problem solving version control Git,Data Analyst
DevOps AWS Jenkins Docker Git Linux deployment automation version control Git debugging and testing,DevOps Engineer
web developer HTML CSS JavaScript React frontend development version control Git technical documentation,Web Developer
ETL developer Python SQL Spark data processing pipelines team collaboration problem solving technical documentation,Data Engineer
machine learning data science Python statistics predictive analytics technical documentation team collaboration problem solving,Data Scientist
DevOps engineer Docker Kubernetes Jenkins CI CD Linux Git team collaboration problem solving version control Git,DevOps Engineer
cloud infrastructure engineer Azure virtual machines networking security team collaboration problem solving software development lifecycle,Cloud Engineer
backend developer Java Python SQL API development Git technical documentation team collaboration problem solving,Software Developer
data analyst SQL Excel Power BI data visualization statistics software development lifecycle technical documentation,Data Analyst
site reliability engineer Linux Docker Kubernetes monitoring automation team collaboration problem solving software development lifecycle,DevOps Engineer
cloud computing AWS Azure Linux networking infrastructure team collaboration problem solving debugging and testing,Cloud Engineer
data scientist Python statistics machine learning Pandas NumPy data analysis team collaboration problem solving technical documentation,Data Scientist
data analysis Python Pandas SQL visualization statistics debugging and testing software development lifecycle,Data Analyst
data scientist Python NumPy Pandas machine learning visualization version control Git team collaboration problem solving,Data Scientist
ETL developer Python SQL Spark data processing pipelines technical documentation debugging and testing,Data Engineer
ML developer Python scikit-learn NLP computer vision model optimization version control Git technical documentation,Machine Learning Engineer
DevOps AWS Jenkins Docker Git Linux deployment automation technical documentation software development lifecycle,DevOps Engineer
database administrator SQL database security backup recovery team collaboration problem solving technical documentation,Database Administrator
business analyst SQL Power BI Excel dashboards data analysis team collaboration problem solving software development lifecycle,Data Analyst
cloud engineer AWS EC2 S3 IAM Docker Kubernetes debugging and testing version control Git,Cloud Engineer
security engineer Python Linux threat detection cybersecurity debugging and testing team collaboration problem solving,Cybersecurity Engineer
DevOps AWS Jenkins Docker Git Linux deployment automation debugging and testing team collaboration problem solving,DevOps Engineer
DBA Oracle SQL Server MySQL database administration team collaboration problem solving version control Git,Database Administrator
cloud computing AWS Azure Linux networking infrastructure software development lifecycle team collaboration problem solving,Cloud Engineer
information security network security penetration testing risk assessment team collaboration problem solving technical documentation,Cybersecurity Engineer
full stack web developer JavaScript React Node.js HTML CSS version control Git software development lifecycle,Web Developer
database administrator SQL Oracle MySQL database backup performance tuning team collaboration problem solving software development lifecycle,Database Administrator
DevOps engineer CI CD Docker Kubernetes cloud infrastructure version control Git team collaboration problem solving,DevOps Engineer
business analyst SQL Power BI Excel dashboards data analysis technical documentation team collaboration problem solving,Data Analyst
database administrator SQL Oracle MySQL database backup performance tuning team collaboration problem solving debugging and testing,Database Administrator
ML engineer Python TensorFlow PyTorch machine learning model development version control Git team collaboration problem solving,Machine Learning Engineer
DBA Oracle SQL Server MySQL database administration team collaboration problem solving technical documentation,Database Administrator
cloud engineer AWS EC2 S3 IAM Docker Kubernetes technical documentation team collaboration problem solving,Cloud Engineer
web developer HTML CSS JavaScript React frontend development team collaboration problem solving technical documentation,Web Developer
data engineering SQL Python ETL pipelines databases Spark software development lifecycle team collaboration problem solving,Data Engineer
data analyst SQL Excel Power BI data visualization statistics debugging and testing technical documentation,Data Analyst
data engineer data pipelines SQL Python cloud data warehouse software development lifecycle version control Git,Data Engineer
DevOps AWS Jenkins Docker Git Linux deployment automation software development lifecycle version control Git,DevOps Engineer
data science Python machine learning statistics predictive modeling technical documentation software development lifecycle,Data Scientist
security engineer Linux network security threat detection SIEM software development lifecycle team collaboration problem solving,Cybersecurity Engineer
machine learning engineer deep learning Python model training deployment technical documentation team collaboration problem solving,Machine Learning Engineer
business analyst SQL Power BI Excel dashboards data analysis team collaboration problem solving software development lifecycle,Data Analyst
DevOps Docker Kubernetes Jenkins AWS Linux automation team collaboration problem solving debugging and testing,DevOps Engineer
data engineering Apache Spark Python SQL databases ETL version control Git debugging and testing,Data Engineer
machine learning data science Python statistics predictive analytics software development lifecycle version control Git,Data Scientist
software engineer java python spring boot sql REST API Git team collaboration problem solving technical documentation,Software Developer
data scientist Python statistics machine learning Pandas NumPy data analysis version control Git team collaboration problem solving,Data Scientist
security engineer Linux network security threat detection SIEM debugging and testing team collaboration problem solving,Cybersecurity Engineer
web development JavaScript HTML CSS responsive design React debugging and testing version control Git,Web Developer
machine learning engineer Python scikit-learn machine learning model deployment technical documentation software development lifecycle,Machine Learning Engineer
machine learning systems Python TensorFlow model deployment APIs version control Git team collaboration problem solving,Machine Learning Engineer
security engineer Python Linux threat detection cybersecurity version control Git team collaboration problem solving,Cybersecurity Engineer
data scientist Python statistics machine learning Pandas NumPy data analysis technical documentation debugging and testing,Data Scientist
DBA Oracle SQL Server MySQL database administration team collaboration problem solving debugging and testing,Database Administrator
machine learning engineer deep learning Python model training deployment team collaboration problem solving version control Git,Machine Learning Engineer
frontend engineer React JavaScript CSS HTML REST API version control Git technical documentation,Web Developer
cloud engineer AWS Azure Docker Kubernetes cloud infrastructure team collaboration problem solving technical documentation,Cloud Engineer
data engineering Apache Spark Python SQL databases ETL debugging and testing software development lifecycle,Data Engineer
data engineering Apache Spark Python SQL databases ETL team collaboration problem solving software development lifecycle,Data Engineer
data scientist Python NumPy Pandas machine learning visualization debugging and testing technical documentation,Data Scientist
ML engineer Python TensorFlow PyTorch machine learning model development software development lifecycle version control Git,Machine Learning Engineer
cybersecurity engineer network security vulnerability assessment penetration testing version control Git debugging and testing,Cybersecurity Engineer
web development JavaScript HTML CSS responsive design React version control Git software development lifecycle,Web Developer
application developer Java SQL REST API object oriented programming team collaboration problem solving version control Git,Software Developer
data analysis Python Pandas SQL visualization statistics version control Git debugging and testing,Data Analyst
data analyst Excel SQL Tableau Power BI reporting debugging and testing technical documentation,Data Analyst
cloud infrastructure engineer Azure virtual machines networking security version control Git software development lifecycle,Cloud Engineer
database administrator SQL Oracle MySQL database backup performance tuning team collaboration problem solving technical documentation,Database Administrator
ML developer Python scikit-learn NLP computer vision model optimization software development lifecycle technical documentation,Machine Learning Engineer
database administrator SQL database security backup recovery debugging and testing technical documentation,Database Administrator
DevOps engineer Docker Kubernetes Jenkins CI CD Linux Git version control Git debugging and testing,DevOps Engineer
machine learning engineer deep learning Python model training deployment technical documentation team collaboration problem solving,Machine Learning Engineer
DBA database monitoring SQL backup recovery performance tuning version control Git debugging and testing,Database Administrator
machine learning data science Python statistics predictive analytics debugging and testing version control Git,Data Scientist
DevOps engineer Docker Kubernetes Jenkins CI CD Linux Git debugging and testing team collaboration problem solving,DevOps Engineer
software developer python java sql data structures algorithms object oriented programming team collaboration problem solving debugging and testing,Software Developer
DevOps AWS Jenkins Docker Git Linux deployment automation team collaboration problem solving software development lifecycle,DevOps Engineer
information security network security penetration testing risk assessment version control Git technical documentation,Cybersecurity Engineer
DBA database monitoring SQL backup recovery performance tuning team collaboration problem solving software development lifecycle,Database Administrator
data engineer data pipelines SQL Python cloud data warehouse software development lifecycle version control Git,Data Engineer
software developer python java sql data structures algorithms object oriented programming team collaboration problem solving version control Git,Software Developer
database administrator SQL Oracle MySQL database backup performance tuning team collaboration problem solving technical documentation,Database Administrator
data analysis Python Pandas SQL visualization statistics version control Git team collaboration problem solving,Data Analyst
web developer HTML CSS JavaScript React frontend development team collaboration problem solving version control Git,Web Developer
cloud engineer AWS Azure Docker Kubernetes cloud infrastructure software development lifecycle team collaboration problem solving,Cloud Engineer
data analyst Excel SQL Tableau Power BI reporting debugging and testing technical documentation,Data Analyst
data scientist Python NumPy Pandas machine learning visualization team collaboration problem solving software development lifecycle,Data Scientist
analyst role SQL Python Pandas data visualization business insights technical documentation version control Git,Data Analyst
cloud computing AWS Azure Linux networking infrastructure team collaboration problem solving software development lifecycle,Cloud Engineer
database administrator SQL Oracle MySQL database backup performance tuning software development lifecycle version control Git,Database Administrator
cloud infrastructure engineer Azure virtual machines networking security debugging and testing software development lifecycle,Cloud Engineer
cybersecurity engineer network security vulnerability assessment penetration testing technical documentation debugging and testing,Cybersecurity Engineer
data engineer Python SQL ETL pipelines data warehouse Apache Spark version control Git technical documentation,Data Engineer
data scientist Python statistics machine learning Pandas NumPy data analysis version control Git team collaboration problem solving,Data Scientist
data analysis Python Pandas SQL visualization statistics technical documentation debugging and testing,Data Analyst
database engineer Oracle MySQL PostgreSQL performance optimization version control Git technical documentation,Database Administrator
data science Python machine learning statistics predictive modeling debugging and testing team collaboration problem solving,Data Scientist
machine learning engineer deep learning Python model training deployment software development lifecycle debugging and testing,Machine Learning Engineer
DBA Oracle SQL Server MySQL database administration version control Git team collaboration problem solving,Database Administrator
software engineer java python spring boot sql REST API Git software development lifecycle technical documentation,Software Developer
business analyst SQL Power BI Excel dashboards data analysis debugging and testing software development lifecycle,Data Analyst
database administrator SQL Oracle MySQL database backup performance tuning debugging and testing software development lifecycle,Database Administrator
DevOps AWS Jenkins Docker Git Linux deployment automation version control Git team collaboration problem solving,DevOps Engineer
business analyst SQL Power BI Excel dashboards data analysis software development lifecycle debugging and testing,Data Analyst
application developer Java SQL REST API object oriented programming version control Git software development lifecycle,Software Developer
machine learning engineer deep learning Python model training deployment team collaboration problem solving technical documentation,Machine Learning Engineer
site reliability engineer Linux Docker Kubernetes monitoring automation version control Git debugging and testing,DevOps Engineer
application developer Java SQL REST API object oriented programming version control Git team collaboration problem solving,Software Developer
data engineering SQL Python ETL pipelines databases Spark version control Git software development lifecycle,Data Engineer
data engineering Apache Spark Python SQL databases ETL technical documentation version control Git,Data Engineer
data scientist SQL Python Pandas scikit-learn statistical analysis technical documentation debugging and testing,Data Scientist
machine learning data science Python statistics predictive analytics team collaboration problem solving version control Git,Data Scientist
data scientist Python NumPy Pandas machine learning visualization team collaboration problem solving debugging and testing,Data Scientist
business analyst SQL Power BI Excel dashboards data analysis version control Git technical documentation,Data Analyst
cloud computing AWS Azure Linux networking infrastructure technical documentation software development lifecycle,Cloud Engineer
business analyst SQL Power BI Excel dashboards data analysis debugging and testing software development lifecycle,Data Analyst
software development algorithms data structures Java Python database development software development lifecycle technical documentation,Software Developer
cloud computing AWS Azure Linux networking infrastructure version control Git technical documentation,Cloud Engineer
ML developer Python scikit-learn NLP computer vision model optimization version control Git software development lifecycle,Machine Learning Engineer
DBA database monitoring SQL backup recovery performance tuning team collaboration problem solving debugging and testing,Database Administrator
data engineering SQL Python ETL pipelines databases Spark software development lifecycle team collaboration problem solving,Data Engineer
software developer python java sql data structures algorithms object oriented programming debugging and testing software development lifecycle,Software Developer
database administrator SQL Oracle MySQL database backup performance tuning software development lifecycle technical documentation,Database Administrator
ETL developer Python SQL Spark data processing pipelines team collaboration problem solving version control Git,Data Engineer
ETL developer Python SQL Spark data processing pipelines team collaboration problem solving software development lifecycle,Data Engineer
full stack web developer JavaScript React Node.js HTML CSS version control Git software development lifecycle,Web Developer
software development algorithms data structures Java Python database development technical documentation software development lifecycle,Software Developer
data engineering SQL Python ETL pipelines databases Spark version control Git team collaboration problem solving,Data Engineer
data engineer Python SQL ETL pipelines data warehouse Apache Spark debugging and testing version control Git,Data Engineer
cloud computing AWS Azure Linux networking infrastructure debugging and testing technical documentation,Cloud Engineer
cloud computing AWS Azure Linux networking infrastructure technical documentation software development lifecycle,Cloud Engineer
cybersecurity analyst vulnerability management incident response version control Git debugging and testing,Cybersecurity Engineer
machine learning engineer deep learning Python model training deployment software development lifecycle version control Git,Machine Learning Engineer
information security network security penetration testing risk assessment version control Git debugging and testing,Cybersecurity Engineer
information security network security penetration testing risk assessment technical documentation team collaboration problem solving,Cybersecurity Engineer
security engineer Python Linux threat detection cybersecurity version control Git debugging and testing,Cybersecurity Engineer
data engineer data pipelines SQL Python cloud data warehouse version control Git team collaboration problem solving,Data Engineer
data engineering Apache Spark Python SQL databases ETL debugging and testing version control Git,Data Engineer
database engineer Oracle MySQL PostgreSQL performance optimization software development lifecycle technical documentation,Database Administrator
machine learning engineer Python scikit-learn machine learning model deployment debugging and testing team collaboration problem solving,Machine Learning Engineer
DevOps AWS Jenkins Docker Git Linux deployment automation debugging and testing team collaboration problem solving,DevOps Engineer
DevOps Docker Kubernetes Jenkins AWS Linux automation technical documentation team collaboration problem solving,DevOps Engineer
cloud infrastructure engineer Azure virtual machines networking security technical documentation debugging and testing,Cloud Engineer
cloud engineer AWS Azure Docker Kubernetes cloud infrastructure software development lifecycle version control Git,Cloud Engineer
backend developer Java Python SQL API development Git software development lifecycle version control Git,Software Developer
DevOps Docker Kubernetes Jenkins AWS Linux automation software development lifecycle version control Git,DevOps Engineer
business analyst SQL Power BI Excel dashboards data analysis version control Git debugging and testing,Data Analyst
DevOps Docker Kubernetes Jenkins AWS Linux automation software development lifecycle technical documentation,DevOps Engineer
web development JavaScript HTML CSS responsive design React debugging and testing team collaboration problem solving,Web Developer
web developer HTML CSS JavaScript React frontend development debugging and testing technical documentation,Web Developer
AWS cloud engineer Linux Docker Kubernetes deployment team collaboration problem solving version control Git,Cloud Engineer
data scientist Python statistics machine learning Pandas NumPy data analysis debugging and testing version control Git,Data Scientist
machine learning engineer deep learning Python model training deployment version control Git team collaboration problem solving,Machine Learning Engineer
frontend engineer React JavaScript CSS HTML REST API team collaboration problem solving technical documentation,Web Developer
machine learning systems Python TensorFlow model deployment APIs version control Git technical documentation,Machine Learning Engineer
full stack web developer JavaScript React Node.js HTML CSS team collaboration problem solving debugging and testing,Web Developer
software engineer java python spring boot sql REST API Git technical documentation team collaboration problem solving,Software Developer
site reliability engineer Linux Docker Kubernetes monitoring automation version control Git debugging and testing,DevOps Engineer
data engineer data pipelines SQL Python cloud data warehouse software development lifecycle debugging and testing,Data Engineer
cybersecurity engineer network security vulnerability assessment penetration testing technical documentation version control Git,Cybersecurity Engineer
security engineer Linux network security threat detection SIEM debugging and testing version control Git,Cybersecurity Engineer
database administrator SQL Oracle MySQL database backup performance tuning technical documentation team collaboration problem solving,Database Administrator
application developer Java SQL REST API object oriented programming debugging and testing version control Git,Software Developer
data scientist SQL Python Pandas scikit-learn statistical analysis software development lifecycle technical documentation,Data Scientist
frontend engineer React JavaScript CSS HTML REST API software development lifecycle technical documentation,Web Developer
cloud engineer AWS Azure Docker Kubernetes cloud infrastructure debugging and testing team collaboration problem solving,Cloud Engineer
DBA Oracle SQL Server MySQL database administration software development lifecycle technical documentation,Database Administrator
backend developer Java Python SQL API development Git debugging and testing software development lifecycle,Software Developer
backend developer Java Python SQL API development Git version control Git team collaboration problem solving,Software Developer
ML developer Python scikit-learn NLP computer vision model optimization team collaboration problem solving technical documentation,Machine Learning Engineer
machine learning engineer Python scikit-learn machine learning model deployment team collaboration problem solving software development lifecycle,Machine Learning Engineer
data scientist Python statistics machine learning Pandas NumPy data analysis debugging and testing technical documentation,Data Scientist
security engineer Linux network security threat detection SIEM version control Git debugging and testing,Cybersecurity Engineer
software development algorithms data structures Java Python database development software development lifecycle version control Git,Software Developer
cybersecurity engineer network security vulnerability assessment penetration testing debugging and testing version control Git,Cybersecurity Engineer
cloud engineer AWS Azure Docker Kubernetes cloud infrastructure team collaboration problem solving software development lifecycle,Cloud Engineer
machine learning data science Python statistics predictive analytics team collaboration problem solving debugging and testing,Data Scientist
software development algorithms data structures Java Python database development software development lifecycle version control Git,Software Developer
full stack web developer JavaScript React Node.js HTML CSS team collaboration problem solving debugging and testing,Web Developer
software engineer java python spring boot sql REST API Git software development lifecycle version control Git,Software Developer
cloud engineer AWS EC2 S3 IAM Docker Kubernetes technical documentation team collaboration problem solving,Cloud Engineer
machine learning data science Python statistics predictive analytics technical documentation software development lifecycle,Data Scientist
frontend developer HTML CSS JavaScript Bootstrap React debugging and testing technical documentation,Web Developer
ML engineer Python TensorFlow PyTorch machine learning model development debugging and testing version control Git,Machine Learning Engineer
data engineer data pipelines SQL Python cloud data warehouse software development lifecycle team collaboration problem solving,Data Engineer
full stack web developer JavaScript React Node.js HTML CSS debugging and testing team collaboration problem solving,Web Developer
cybersecurity engineer network security vulnerability assessment penetration testing technical documentation software development lifecycle,Cybersecurity Engineer
